League,Name,Country
Arg1,Primera Division Argentina,Argentina
Arg2,Primera Nacional Argentina,Argentina
Aus1,Admiral Bundesliga,Austria
Aus2,2. Liga,Austria
Aut1,A-League,Australia
Bel1,Jupiler Pro League,Belgium
Bra1,Brasileirao (Serie A),Brazil
Bra2,Brasileirao (Serie B),Brazil
Bul1,A PFG,Bulgaria
Che1,Campeonato AFP PlanVital,Chile
Chi1,Chinese Super League,China
Chi2,China League One,China
Cro1,Prva HNL,Croatia
Czh1,Fortuna Liga,Czechia
Den1,3F Super League,Denmark
Den2,NordicBet League,Denmark
Eng1,Premier League,England
Eng2,Championship,England
Eng3,English Football League One,England
Eng4,English Football League Two,England
Eng5,National League,England
Fin1,Veikkausliiga,Finland
Fra1,Ligue 1,France
Fra2,Ligue 2,France
Ger1,Bundesliga,Germany
Ger2,2. Bundesliga,Germany
Ger3,3. Liga,Germany
Gre1,Greece Super League,Greece
Hun1,OTP Bank Liga,Hungary
Ice1,Urvalsdeild Karla,Iceland
Ire1,Ireland Premier Division,Ireland
Ire2,League of Ireland First Division ,Ireland
Isr1,Ligat ha'Al,Israel
Ita1,Serie A,Italy
Ita2,Serie B,Italy
Jap1,J1 League,Japan
Jap2,J2 League,Japan
Kor1,K League 1,Korea
Mex1,Liga MX,Mexico
Ned1,Eredivisie,Netherlands
Ned2,Eerste Divisie,Netherlands
Nor1,Eliteserien,Norway
Nor2,1. divisjon,Norway
Pol1,Ekstraklasa,Poland
Por1,Primeira Liga,Portugal
Por2,Segunda Liga,Portugal
Rom1,Liga 1,Romania
Rus1,Rossiskaya Futbolnaya Prem'yer-Liga,Russia
Sco1,Scottish Premiership,Scotland
Sco2,Scottish Championship,Scotland
Ser1,Serbian Super League,Serbia
Slk1,Slovakia Super League,Slovakia
Slo1,Slovenian First League,Slovenia
Spa1,LaLiga,Spain
Spa2,LaLiga SmartBank,Spain
Swe1,Allsvenskan,Sweden
Swe2,Superettan,Sweden
Swi1,Swiss Super League,Switzerland
Tur1,Turkish Super League,Turkey
Ukr1,Ukrainian Premier League,Ukraine
USA1,Major League Soccer,USA
Wel1,Cymru Premier,Wales